Topic,Title,Date,Category,Keyword,Words,Status,Views,Excerpt,Slug
How I got my first 5 clients (emails included),"If No One Hires Beginners, How Does Any Beginner Get Hired?",2026-01-08,Freelancing,how i got my first 5 clients (emails included),619,Published,9,"New freelance writers face a closed door. Skill alone does not open it, although skill is what they spent years building. Clients say they need good writers, yet...",2026-01-08-how-do-you-turn-writing-skill-into-paying-clients
Simple content calendar that works,"If weekly output drains its maker, how might tempo replace pressure?",2026-04-02,Guides,content calendar,625,Published,0,"A weekly cadence promises steady accumulation, yet many bloggers discontinue it within months. Initial enthusiasm encourages extended sessions. Travel or illness then interrupts the sequence, and guilt renders...",2026-04-02-how-do-you-publish-weekly-without-burning-out
Journaling for clearer thinking,"If the mind remains crowded, where might its contents be lodged?",2026-05-14,Notes,journaling,618,Published,0,"Mental congestion exerts a familiar weight. Unfinished errands, stray perceptions, and postponed alternatives circulate together, each soliciting regard. Attention contracts while material gathers, and even modest selections feel...",2026-05-14-where-do-you-put-a-crowded-mind
Meta descriptions in 2 minutes,"When searchers pass in seconds, what must a brief preview resolve?",2026-06-05,Blogging,meta descriptions,624,Published,0,Extended composition meets nearly instantaneous appraisal. A page assembled across hours confronts a fatigued glance that grants perhaps two seconds. One publisher shifted the central term toward the...,2026-06-05-why-does-nobody-click-your-search-result
A simple monthly budget that survives reality,"If Income Arrives in Full, Why Does the Month Still End in Shortfall?",2026-09-24,Finance,monthly budget plan,619,Published,0,"A salaried household opens the month with a clear balance and closes it with little to show. The first sentence of explanation usually points to prices, yet the...",2026-09-24-why-is-there-never-money-left-at-month-end-1
Payment app safety: 7 scams to know,"When a Payment Screen Looks Familiar, Why Does Caution Still Arrive Too Late?",2026-09-24,Finance,payment app scams prevention,617,Published,0,"A seller lists an item, receives more than the asking price, and is urged to return the difference at once. The original transfer later fails while the refund...",2026-09-24-how-do-payment-scams-steal-your-money-2
Preventive health checkups by age,"If the Body Feels Sound, Why Would a Clinic Visit Still Matter?",2026-09-24,Healthcare,preventive health checkup by age,621,Published,0,A person in apparently good health postpones an examination because no symptom demands attention. Months pass and the delay attracts no immediate penalty. The paradox is that wellbeing...,2026-09-24-why-do-checkups-matter-when-you-feel-fine-3
Vaccines adults often forget,"If Childhood Protection Once Sufficed, Why Does Adult Immunity Still Require Attention?",2026-09-24,Healthcare,adult vaccination schedule,588,Published,0,"Adult vaccination quietly recedes once school-age schedules conclude. The tension is direct: protection feels complete, yet tetanus boosters every ten years, yearly flu shots, and shingles vaccination after...",2026-09-24-which-vaccines-did-you-miss-as-an-adult-5
What extreme weather does to food prices,"If Harvests Have Always Varied, Why Do Grocery Bills Now Climb After Every Storm?",2026-09-24,Climate,extreme weather food prices,580,Published,0,"A single failed harvest can double vegetable prices for months. Shelves thin, totals rise, and households adjust without announcement. The tension lies in transmission speed, since distant rain...",2026-09-24-why-do-groceries-cost-more-after-bad-weather-8
Walking 30 minutes: making it stick,"If Motivation Starts Strong in January, Why Does Exercise Falter by February?",2026-09-24,Wellness,daily walking habit,584,Published,0,"New exercise plans often collapse within weeks despite sincere January commitments. Morning paths thin, brisk intentions soften, and evening sessions lose to late work. The tension is plain...",2026-09-24-why-do-exercise-plans-fail-by-february-10
